BEGIN
INSERT INTO RECIPE VALUES
(RID_SEQ.NEXTVAL, 'FENCHEL-GURKEN-SALAT', 'EIN KNACKIGER ROHKOSTSALAT FÜR ZWISCHENDURCH. DA FREUT SICH DIE VERDAUUNG!', 'Juli');
END;
/
COMMIT;
SELECT * FROM RECIPE
;


BEGIN
INSERT INTO INGREDIENT VALUES
('GURKE', 'GEMUESE','Würfeln');
INSERT INTO INGREDIENT VALUES
('FENCHEL', 'GEMUESE','Würfeln');
INSERT INTO INGREDIENT VALUES
('INGWER', 'WUERZMITTEL','Hacken');
INSERT INTO INGREDIENT VALUES
('KREUZKUEMMEL', 'WUERZMITTEL','Hacken');
INSERT INTO INGREDIENT VALUES
('SOJAQUARK', 'SOJAPRODUKT', DEFAULT);
INSERT INTO INGREDIENT VALUES
('SOJAJOGHURT', 'SOJAPRODUKT', DEFAULT);
INSERT INTO INGREDIENT VALUES
('ZITRONENSAFT', 'OBST', DEFAULT);
INSERT INTO INGREDIENT VALUES
('MANDELN', 'NUESSE', DEFAULT);
INSERT INTO INGREDIENT VALUES
('STEINSALZ', 'WUERZMITTEL', DEFAULT);
INSERT INTO INGREDIENT VALUES
('PFEFFER', 'WUERZMITTEL', DEFAULT);
END;
/
COMMIT;
SELECT * FROM INGREDIENT;

BEGIN
INSERT INTO HAS VALUES
(RID_SEQ.CURRVAL, 'GURKE','200,00', 'GRAMM');
INSERT INTO HAS VALUES
(RID_SEQ.CURRVAL, 'FENCHEL','200,00', 'GRAMM');
INSERT INTO HAS VALUES
(RID_SEQ.CURRVAL, 'INGWER','0,5', 'TL');
INSERT INTO HAS VALUES
(RID_SEQ.CURRVAL, 'KREUZKUEMMEL','0,5', 'TL');
INSERT INTO HAS VALUES
(RID_SEQ.CURRVAL, 'SOJAQUARK','100,00', 'GRAMM');
INSERT INTO HAS VALUES
(RID_SEQ.CURRVAL, 'SOJAJOGHURT','100,00', 'GRAMM');
INSERT INTO HAS VALUES
(RID_SEQ.CURRVAL, 'ZITRONENSAFT','0,5', 'TL');
INSERT INTO HAS VALUES
(RID_SEQ.CURRVAL, 'MANDELN','1,0', 'TL');
INSERT INTO HAS VALUES
(RID_SEQ.CURRVAL, 'STEINSALZ','1,0', 'PRISE');
INSERT INTO HAS VALUES
(RID_SEQ.CURRVAL, 'PFEFFER', '1,0', 'PRISE');
END;
/
COMMIT;

SELECT * FROM HAS 
;

BEGIN
INSERT INTO AYURVEDIC VALUES
('GURKE', DEFAULT, 'Vata und Pitta neutral. Leicht anregend für Kapha.', 'Vata');
INSERT INTO AYURVEDIC VALUES
('FENCHEL', DEFAULT, 'Vata neutral.','Vata');
INSERT INTO AYURVEDIC VALUES
('INGWER', DEFAULT, 'Eignet sich für alle Doshas.', DEFAULT);
INSERT INTO AYURVEDIC VALUES
('KREUZKUEMMEL', DEFAULT, 'Eignet sich für alle Doshas.',DEFAULT);
INSERT INTO AYURVEDIC VALUES
('SOJAQUARK', DEFAULT, 'Eignet sich für alle Doshas.', DEFAULT);
INSERT INTO AYURVEDIC VALUES
('SOJAJOGHURT', DEFAULT, 'Eignet sich für alle Doshas.', DEFAULT);
INSERT INTO AYURVEDIC VALUES
('ZITRONENSAFT', DEFAULT, 'Eignet sich für alle Doshas.', DEFAULT);
INSERT INTO AYURVEDIC VALUES
('MANDELN', DEFAULT, 'Eignet sich für alle Doshas.', DEFAULT);
INSERT INTO AYURVEDIC VALUES
('STEINSALZ', DEFAULT, 'Eignet sich für alle Doshas.', DEFAULT);
INSERT INTO AYURVEDIC VALUES
('PFEFFER', DEFAULT, 'Eignet sich für alle Doshas.', DEFAULT);
END;
/
COMMIT;
SELECT * FROM AYURVEDIC;



BEGIN
INSERT INTO ALLERGY VALUES
('GLUTENUNVERTRÄGLICHKEIT', 'FÜR DIE KLASSISCHE GLUTENUNVERTRÄGLICHKEIT SIND FOLGENDE SYMPTOME TYPISCH:
BAUCHSCHMERZEN
DURCHFALL (DIARRHOE)
VERSTOPFUNG (OBSTIPATION)
BLÄHUNGEN (METEORISMUS/FLATULENZ)
ERBRECHE
HAUTVERÄNDERUNGEN (Z.B. DERMATITIS HERPETIFORMIS DUHRING)
ÜBEL RIECHENDER UND FETTGLÄNZENDER STUHL (STEATORRHOE)
KOPFSCHMERZEN ODER MIGRÄNE');
INSERT INTO ALLERGY  VALUES
('NUSSALLERGIE', ' STUDIEN ZUFOLGE KÖNNEN FOLGENDE SYMPTOME BEI EINER ALLERGISCHEN REAKTION AUFTRETEN:
JUCKREIZ
KRATZEN IM HALS
ANSCHWELLEN DER SCHLEIMHÄUTE UND AUGENLIDER
ÜBELKEIT
ERBRECHEN
DURCHFALL
HAUTRÖTUNGEN
ATEMNOT.');
END;
/
COMMIT;
SELECT * FROM ALLERGY
;

BEGIN
INSERT INTO UUSER VALUES
('CHARLOTTEJEROMA', 'CHARLOTTE', 'JEROMA', 'CHARLOTTEJEROMA', 'FEMALE');
INSERT INTO UUSER VALUES
('CHARLOTTEJEROMA', 'ALMUT', 'JEROMA', 'ALMUTJEROMA', 'FEMALE');
INSERT INTO UUSER VALUES
('CHARLOTTEJEROMA', 'ANNA', 'OBERWALDER', 'ANNAOBERWALDER', 'FEMALE');
END;
/
COMMIT;
SELECT * FROM UUSER
;

BEGIN
INSERT INTO MEDICALHEALTHBENEFIT VALUES
('GURKENFESCH', 'GURKE', 'GURKEN SIND REICH AN NÄHRSTOFFEN (Z.B. BALASTSTOFFE, FOLSÄURE, VITAMIN K), ENTHALTEN WICHTIGE ANTIOXIDANTIEN, TUN DER HAUT GUT, REGEN DIE VERDAUUNG AN, KÖNNEN DEN BLUTZUCKER SENKEN, UNTERSTÜTZEN DIE GEHIRNAKTIVITÄT, MACHEN RUNDUM FIT, SIND SCHLANKMACHER UND ENTWÄSSERN AUF DIE SANFTE ART');
END;
/
COMMIT;
SELECT * FROM MEDICALHEALTHBENEFIT
;

BEGIN
INSERT INTO SEASONALITY VALUES
('GURKE', SEASONALITYID_SEQ.NEXTVAL, DEFAULT, DEFAULT, DEFAULT, 'SAISON', 'SAISON', 'SAISON', 'SAISON', 'SAISON', 'SAISON', 'SAISON', DEFAULT, DEFAULT);
END;
/
COMMIT;
SELECT * FROM SEASONALITY;
SELECT * from recipe;

BEGIN
INSERT INTO REGIONALITY VALUES
('GURKE', REGIONALITYID_SEQ.NEXTVAL, 'Oesterreich', 'Wien');
END;
/
COMMIT;
SELECT * FROM REGIONALITY;

BEGIN
INSERT INTO SELECTSMANY VALUES
('CHARLOTTEJEROMA', RID_SEQ.CURRVAL);
END;
/
COMMIT;
SELECT * FROM SELECTSMANY 
;

BEGIN
INSERT INTO HASSEVERAL VALUES
('CHARLOTTEJEROMA', 'GLUTENUNVERTRÄGLICHKEIT');
END;
/
COMMIT;
SELECT * FROM HASSEVERAL; 


